<?xml version="1.0" encoding="UTF-8" ?>

<!DOCTYPE mapper PUBLIC "-//mybatis.org//DTD Mapper 3.0//EN" 
	"http://mybatis.org/dtd/mybatis-3-mapper.dtd">
	
<mapper namespace="board">
	<select id="getBoardList"  resultType="BoardVO">
		select * from board 
		<where>
			<choose>
				<when test="searchCondition == 'TITLE'">
					btitle like '%'||#{searchKeyword}||'%'
				</when>
				<when test="searchCondition == 'CONTENT'">
					bcontent like '%'||#{searchKeyword}||'%'
				</when>
			</choose>
		</where>
		order by bseq desc
	</select>
	
	<select id="getBoard" parameterType="int" resultType="BoardVO">
		select * from board where bseq=#{bseq}
	</select>
	
	<update id="updateBcnt" parameterType="int">
		update board set bcnt=bcnt+1 where bseq=#{bseq}
	</update>
	
	<insert id="addBoard" parameterType="BoardVO">
		insert into board(bseq, btitle, bcontent, buser, bdate, bcnt, blike, bhate)
		values((select nvl(max(bseq), 0)+1 from board), #{btitle} , #{bcontent} , #{buser}, sysdate ,#{bcnt}, 0, 0)
	</insert>
	
	<delete id="deleteBoard" parameterType="BoardVO">
		delete from board where bseq=#{bseq}
	</delete>
	
	<update id="updateBoard" parameterType="BoardVO">
		update board set btitle=#{btitle}, bcontent=#{bcontent} where bseq=#{bseq}
	</update>
	
	<select id="getReplyList" parameterType="int" resultType="ReplyVO">
		select * from reply where bseq=#{bseq} order by rstep, rlevel, rseq desc
	</select>
	
	<select id="getLike" parameterType="int" resultType="int">
	select blike from board where bseq=#{bseq}
	</select>
	
	<select id="getHate" parameterType="int" resultType="int">
	select bhate from board where bseq=#{bseq}
	</select>
	
	<update id="addLike" parameterType="int">
	update board set blike=blike+1 where bseq=#{bseq}
	</update>
	
	<update id="addHate" parameterType="int">
	update board set bhate=bhate+1 where bseq=#{bseq}
	</update>
	
	<select id="getTodayPoem" parameterType="int" resultType="BoardVO">
	 select * from board where
	</select>
	
	<insert id="addReply" parameterType="ReplyVO">
		insert into reply values ((select nvl(max(rseq), 0)+1 from
		reply),#{rcontent},#{ruser},sysdate,#{rlevel},(select nvl(max(rstep),
		0)+1 from reply),#{bseq})
	</insert>
	
	<insert id="addReply2" parameterType="ReplyVO">
		insert into reply values ((select nvl(max(rseq), 0)+1 from
		reply),#{rcontent},#{ruser},sysdate,#{rlevel}+1,#{rstep}+1,#{bseq})
	</insert>

	<update id="updateReply2" parameterType="ReplyVO">
		update reply set rstep=rstep+1 where bseq=#{bseq} and rstep>=#{rstep}+1
	</update>
	
		<select id="checkReplyBeforeDelete" parameterType="ReplyVO"
		resultType="ReplyVO">
		select * from reply where bseq=#{bseq} and rlevel=#{rlevel}+1 and
		rstep=#{rstep}+1
	</select>

	<delete id="deleteReply" parameterType="ReplyVO">
		delete from reply where rseq=#{rseq}
	</delete>
</mapper>